screen_time_hours,sleep_duration_hours,study_time_hours,workout_time_hours,stress_level,anxiety_level,coffee_intake_mg,socializing_time_hours,water_intake_litres,junk_food_intake,burnout_score
6.993428306022466,8.389266321297463,6.798710873172004,1.3891805380833189,3,2,203.49198881284735,2.9428461717327297,1.7991961446714353,3,4.6
5.72347139765763,9.864124960705196,5.849267365825538,0.7244071418357333,3,1,76.55929902225564,3.110348979914293,1.9227305028850652,2,2.83
7.295377076201385,4.902148639271289,4.119260739840349,0.5909005582888465,3,1,276.2430005642479,3.0832732434662167,2.963103781366289,3,3.81
9.046059712816051,7.844453855035856,2.706126444588852,0.998312771294524,4,3,61.90877696179422,1.4335932570375145,1.476088972936154,1,5.59
5.531693250553328,6.024036146317259,5.39644662722718,0.9149076887375358,5,2,58.0676092608162,1.4207998422786763,1.5927478946191949,5,7.55
5.531726086101639,6.269311924352956,4.786970770843499,0.7733859753363624,5,1,21.215083704265055,1.775026700711685,2.692162209077125,5,6.3
9.158425631014783,6.111409113641696,5.790386440055465,1.3481937237283577,2,1,110.92961429895988,2.6362373753789257,1.8125978077524643,3,2.72
7.534869458305818,5.704013845480276,5.270343603363939,1.4776526042852554,5,4,94.8417740173143,1.4893047302458373,1.7746893579625524,3,8.53
5.061051228130096,7.072782441917241,6.09910543063867,1.0442034431459237,5,4,49.06807153285877,1.8807375264097521,2.517431928386717,2,7.64
7.085120087171929,5.753574825383444,2.9295295768788643,1.738765040527631,3,1,309.1847283394819,2.27359381633945,1.2899021913591244,4,4.56
5.0731646143750755,7.405685238669758,6.634788131268651,0.4291554429332475,3,3,192.39045571093158,1.0951080739521335,2.4107272146267027,4,5.94
5.068540492859486,6.924642835826295,4.395199209384799,0.903170270360141,2,5,182.97876318853693,1.0318917116708823,2.0228082146607718,2,5.7
6.483924543132068,6.641577929700386,8.150521745250531,0.6415888396985976,1,5,277.1331535398341,1.8417361185960095,2.2324010654159885,4,5.83
2.173439510684404,5.638654506937604,2.6216243638208643,0.06673169146347002,2,1,170.50062336343476,1.9741788149516415,2.223015477626063,1,1.57
2.5501643349739345,6.134843004147501,7.471927606330499,0.9586596570786504,2,1,90.10558387958883,2.433885480001643,1.686008706758681,4,2.89
4.875424941518054,8.133086838738635,4.395821566925296,0.9391262458083582,4,1,13.983220598587451,2.671886574951556,2.525591890074953,2,3.68
3.9743377593311524,7.751375781436571,2.6971639927711033,1.7567248716210655,4,3,85.5954086125277,0.9009371794283514,1.7249311442609654,4,6.62
6.628494665190548,5.533667132802173,3.032228331891357,1.3154058422773889,2,4,270.433248040677,1.1879150680564354,2.2044245094993706,5,6.35
4.183951848957578,7.148998458143839,3.3593053836113596,0.48790658783539753,2,1,49.5731107451072,1.0292477124368982,2.618862242764568,3,2.2
3.175392597329417,8.127080685057683,4.848331892803833,1.927046283167094,2,1,178.25017903983013,3.4124474015914217,2.689450849923235,1,1.2
8.931297537843108,4.495892078317942,5.0456709760709995,1.6105168477626766,5,2,232.7140114468446,1.8797294097974646,1.8664368320296538,5,8.03
5.548447399026928,7.815040288569903,2.852599992122842,1.291048851734308,4,3,172.82758723546013,2.016129295245021,2.2315676371205053,5,7.13
6.1350564093758475,6.00606436158123,3.951290815478034,0.886757950575084,2,1,181.91866630324665,2.057774364013513,1.8202556048981902,2,2.29
3.1505036275730864,7.855898002889739,8.284540717223727,0.5202803816382602,3,2,202.4483130298741,1.2843299862823607,3.251898113634387,3,4.41
4.911234550949635,5.855111265186225,7.455086340201422,0.8138966119644735,3,5,180.34246974581197,3.5642695189460305,2.3900630029369094,3,7.05
6.2218451794197325,4.292676849003222,4.872647339348064,1.544374309852093,5,1,278.7259337978626,2.411026654818728,2.042029217918468,1,5.32
3.6980128451553944,4.558686343175256,4.076006956336401,1.9422931529673044,5,1,66.77666174179116,2.039590529777949,2.156281086728871,2,5.1
6.751396036691344,7.072127419992073,4.240062653436523,1.7716217641360945,1,2,169.23399014710287,0.894743578849434,2.2035527077230337,1,1.58
4.7987226201623905,7.389583752582222,5.227035945460833,0.755575289106863,1,3,4.540765280228186,0.8380675083437552,2.218371770391741,4,3.36
5.416612500413446,5.643525062343388,1.9544148696031889,0.4401912833554944,1,1,0.0,1.6910924683942317,1.8800008911767214,5,2.07
4.796586775541206,7.957888688166061,3.4852469251533096,1.070443123455602,5,5,143.4663175318413,1.3000082064281702,1.8028363503824125,1,8.3
9.704556369017876,4.50771990659656,0.6628318522448211,0.11578031721857418,5,1,193.47036551558054,0.9325556544534481,1.9240733191367534,5,7.13
5.973005550524132,6.900880302029025,4.798446245210559,1.1615838570923906,5,5,280.4534221790052,1.6290419804284446,1.4301541474763964,2,9.25
3.8845781420881993,5.183475700356315,5.294391879405482,0.9261987068506656,3,4,343.58333864083704,1.7835719717241107,2.35913720348723,4,7.06
7.645089824206378,6.022245838296762,3.033627075401252,0.7669817490658789,5,4,255.58885365323846,2.1417854204602698,1.5991474786755138,2,8.34
3.5583127000579555,7.071098006974621,7.147973526580065,0.20264846636660228,3,5,208.17325955184228,1.496080528625737,1.4700249605076416,4,7.83
6.4177271900095105,5.709379952074071,1.5484686739953175,1.2568000532848582,1,3,162.79718846190522,0.9923993053399689,1.9928227667179257,4,3.74
2.080659752240449,6.423166683655262,1.0712502395803596,0.7336495801690444,1,1,27.501754945329807,1.027079114008753,1.9349386851550567,5,1.9
3.343627902203139,8.509439213821661,4.448903637119944,0.415041582144856,1,1,138.31707154065614,3.2129727292261876,2.124817237894494,2,0.68
6.393722471738247,6.134662195715277,6.094196605224309,0.0,2,4,253.23014010065805,0.7482423136382577,1.7158973153017951,2,5.34
7.476933159990821,8.253538168097712,7.367855382915737,0.9862425474746819,2,5,221.86254848224326,2.36318229829127,1.8037287208845132,1,5.43
6.342736562379941,5.305439718013573,3.08223147426212,1.886125798334872,4,1,47.09326826536413,2.519546329774396,2.3460597525442455,2,3.95
5.768703435223519,7.794706266872924,6.157361666862592,1.830629607273935,4,1,199.12205178067842,1.8787245241643311,2.315608600247597,1,3.86
5.3977926088214225,9.16235293098685,3.9229830609985856,0.7714518717068641,4,3,192.27142494941762,3.767829058405179,2.2947625230883393,3,6.09
3.0429560192651453,3.292533249809066,3.654745400118361,0.6988939698191097,2,2,177.991209609179,2.501718993027699,2.016983806175741,3,3.49
4.5603115832105825,5.804657116794285,5.767319874973345,1.2343871280375118,2,4,147.77155556981324,3.8429030483046507,2.0844613116661375,3,4.97
5.078722458080425,7.86560819077081,5.304645756826839,0.5008072804058543,4,4,203.24671735553545,1.3489359980851277,2.115219443855252,2,6.99
8.11424445243783,6.695431920935511,0.8472156860315012,1.1508959499097329,4,2,205.78504311299187,1.3660545901065815,1.6719791300955118,2,5.37
6.687236579136923,7.556718810056963,6.9530806994517915,1.383040139192345,5,1,98.68329876548756,2.527537158680015,2.7370233000730506,1,4.69
2.473919689274532,6.094022219926269,6.760182708294903,1.6134666119421537,4,3,186.40112491056763,1.7385343626807972,2.66579401624385,4,6.76
6.64816793878959,7.12988468120935,2.748874596980941,0.9499229617600236,5,3,134.8483887402229,3.6856654248920178,2.3971227955004837,1,6.31
5.229835439167367,6.766484146911881,4.791607066874818,0.8981631249115171,3,4,31.02129058030056,2.341700383630937,1.7870692067992011,3,5.97
4.646155999388083,8.75167309248971,4.988060372565478,0.5610087066217195,2,3,105.0714371969469,0.9554257801432844,2.269572058975075,1,3.25
7.2233525776817356,7.381631264951819,4.521347531647814,0.5865598229800699,4,2,24.90482517236599,0.26318359145597436,2.489184968884886,4,5.89
8.061999044991902,7.506403993112803,2.8993896923091595,0.8867605540492366,2,1,228.40748280560837,1.9217614076567353,1.3884015491394284,2,2.46
7.862560238232398,6.382184550816299,2.656753264123897,1.183682753408089,2,2,178.47115020434552,1.9108768704667665,2.8472558808492487,1,2.5
4.321564953554723,6.26859066389126,3.9488918580171095,1.4567923131166247,2,5,121.56075110352438,2.3137659233083876,1.1303061944221025,3,6.0
5.381575248297571,6.351162718270569,6.345458038518729,0.5984105246598276,3,4,263.64170746309185,3.210690573755903,2.352302909854538,3,6.37
6.662526862807128,7.591678213567445,5.087200309188865,1.7463442844797608,1,3,155.43927260649332,3.0791133039939274,2.7266411531262347,2,2.5
7.951090254244718,6.368523278769605,3.258771335827788,0.8644381994787156,4,5,35.50217952265004,1.4210989676635672,1.9434682679864845,1,7.23
5.04165152430942,7.434662285344619,5.54339742129669,0.9893163528257819,1,3,114.84171678529512,0.7061805981955787,1.9247678000884634,4,3.69
5.628682046672366,10.113101197968158,0.0,0.6263941604260883,1,1,280.62833498186336,0.7658788649909296,2.333830396323462,2,1.01
3.7873300519879436,8.306687055147538,6.297531400744207,0.0,1,1,96.44194999286853,1.2631982946786215,2.925940945966936,1,0.34
3.6075867518386584,6.510964701748239,0.5205724424438007,1.4420226981805249,2,1,172.01770310062642,1.6332684519609808,1.859466181029317,5,3.25
7.625051644788396,8.801820883245917,3.2751181171937356,1.3684219485462168,5,3,209.51012996117106,2.305062138965167,1.6095224040670275,3,7.59
8.712480057141645,6.387886940467673,1.7606602107477123,0.8593362214408933,2,5,197.19587876439542,1.1990324031040203,1.7881122721960039,4,6.75
5.855979756839332,3.942813197233219,1.4106370485581885,1.033495358612436,2,1,345.956783916648,2.2803919711133145,1.2237430038568897,4,3.61
8.007065795784047,5.487870533623894,6.321653574757039,1.2579696088520498,1,5,55.89573944613849,2.362040145859052,2.448878949357578,4,5.29
6.723272050095268,4.193812118461216,3.0645975973762174,0.21872707155672866,2,3,63.88295355737576,2.1433438825958895,1.7429584736430703,3,4.35
4.709760490789751,6.4727297739380365,4.693007763461432,0.7354736613268527,1,5,57.21964423182936,0.8713770029873049,1.8958304229672223,1,4.01
6.722791211016828,7.027627568784328,3.906158842241632,1.3971323398109137,5,3,126.32652631864921,2.467826725235958,2.454810565709503,2,6.87
9.076073132931938,9.514655968412924,4.954081654446243,0.3728552884153753,4,3,237.9501910545961,4.081269628766723,1.8115448377950756,1,5.65
5.928347921780097,7.490391060646244,4.15364378212051,1.1467789660833145,1,4,67.4612336162791,2.2458968269129045,2.3795451976941986,2,3.3
9.129287311628012,6.6713492067867035,1.4340155516228608,0.3217090976882975,5,3,239.0688404755151,0.0,1.4809557480918567,4,8.56
0.7605097918205113,8.244108371775233,5.99253363889428,1.2332149912167631,4,3,152.81013359421894,3.240879572046903,2.479359714161999,1,5.03
7.643805008750448,3.683297036488172,3.012486833677375,0.9821792588512582,3,2,61.28026454312611,1.2972522233006134,2.170952510632735,4,5.02
6.174094136476342,7.353421837162849,0.8868362026804979,0.19243409204724526,1,1,9.890403474571485,4.265712690495692,1.9557104845901658,5,1.7
5.401985299068265,8.15629779083045,3.1437696780681748,1.5823696772285856,1,4,27.794360495253898,2.1163634513659604,2.065446743971898,4,4.01
6.183521553071005,4.782120631330238,7.001519581268622,0.6327042116009753,3,4,96.73172734128607,0.31529930601417444,1.3566193526736319,4,7.14
2.0248621707982144,8.715631064810394,5.7004434842269855,0.5948737814928096,3,4,136.46790594053437,0.0,2.054000371973485,2,5.72
5.560656224324976,7.5077446112416215,3.3026957311842815,1.1002845986154715,1,2,257.6850381384361,3.5397407626758786,1.929165107321698,5,3.18
6.7142251430234925,6.377068129148798,3.3014845913631423,1.5743186747143576,3,3,213.92705697505912,3.1059049859172725,1.3702836947812183,4,5.94
8.955788089483033,7.949172799159427,3.3567298975652347,0.4920890905108015,2,1,82.88469983357582,4.22601888576669,1.664462286546728,4,2.77
4.963459563452705,10.406039286706594,8.153495967121682,1.030839924923986,4,5,182.69322266977346,2.0109244855735553,1.935377371023741,5,8.98
4.3830127942136246,7.272799382587743,4.763870904463107,1.2144082501652864,4,3,282.1237015353792,1.9434701166203197,1.6963539075260794,5,7.55
4.996485912830927,7.372330879450504,4.8600832943821395,1.346552803631572,4,2,299.91339368240284,1.6172812078414425,0.7939430474747915,1,5.26
7.830804235404148,6.310958650689634,6.060566908063684,1.0882207776386126,2,3,124.84751907571228,1.3417097587407794,2.5381937698044332,2,3.96
6.657502219319369,5.725233445802813,4.477578318053027,0.8164860804583388,3,3,226.66307437640012,1.6075704455421844,1.9289550624551672,5,6.57
4.940479592465922,8.245503724816368,3.481915708358594,0.5862048896756402,5,2,261.1964293510259,2.2174633323240296,0.8630248953817274,5,7.82
7.026534866226712,5.715874261136699,3.6073003018300436,1.0430719415231873,3,4,29.434246145729034,1.1560992130878982,3.0674814698396977,3,5.92
6.194155098696081,7.107349355829089,3.856797481171872,0.46393049400719655,1,4,109.00743302722425,0.33071065312601644,2.6206961656565944,5,4.9
7.937289981065779,6.283513829852325,3.925555526980317,0.0,4,1,327.60149875386105,2.1598766340141777,1.8255089744658324,2,4.88
4.595893812245295,7.7184697386195875,5.4552590872739595,1.218279902078834,3,1,125.91711119032769,1.133804401306568,1.5787512543166495,4,4.11
5.3446757068044635,7.500493157930422,4.103891771614599,1.4519674205430977,5,4,0.0,0.0,2.201595605380261,4,8.54
5.215783693735685,8.556309916386848,5.465280154431158,0.0,1,5,140.3230551690622,2.552567390657011,2.101163407442071,4,5.22
3.072970103735763,6.23497540171788,3.8385668397828354,0.49513464764503123,2,3,239.97003992926895,0.8919409618829717,2.271044962400187,4,4.87
6.592240554129152,6.595187597059943,4.157270380632181,1.309577130502599,2,5,150.52083494407168,2.6617894546907346,1.5801898633724758,3,6.05
6.522110544359778,5.5318544263265395,0.003598630935784719,2.028747734855849,5,3,207.22911574405072,2.6378481065159813,2.5488860104858166,5,8.17
6.010226913284922,6.333560109885832,5.832655349404963,1.010396853837704,1,4,225.05775981245853,2.2835900115228327,1.7632689384122253,4,4.78
5.530825733249706,7.5659507395672785,4.692976951795986,0.6359985293854328,4,1,121.60500388541743,4.496817840356496,2.3403828743277835,1,3.42
3.1692585158991715,8.135482924968027,5.996020219719305,0.9085517794475799,3,1,108.44856108684992,1.8619481500276225,1.601530369771488,4,3.93
5.158709354469282,5.616752013733562,0.0,1.6874382095740925,1,5,162.27527807634172,1.7143604325014117,3.3240719928767435,5,5.37
5.314570966946461,8.30440888015849,8.176749409561456,0.6770179104377323,2,1,164.22231383439046,2.683672421416917,2.347761674482629,4,2.94
4.395445461556762,9.033456788207427,3.7208207436896523,0.6004039966748732,5,4,154.3261455877577,1.9445526378862072,3.4421161382868233,3,7.85
5.677428576667982,7.620152354835551,6.216365633475033,0.7586282389089838,5,5,157.61252181459713,3.160493537394009,2.413800988163023,2,8.64
6.8081017136290765,9.815193718837099,1.9201881457489383,0.5233356958706439,3,3,90.11630923034096,0.7311940924244777,1.719267821565658,2,4.78
9.77237180242106,5.839316201344641,5.225547810125139,1.0613351579973977,5,1,210.02295280647584,0.7478255525356601,2.414690396794598,5,7.13
6.349155625663678,5.133017945032874,1.8931688736526877,1.8123392292347802,5,2,197.9385557690373,2.7658094913262175,2.4502889090966082,2,6.12
6.515100781445529,4.331919626643582,2.7524620786083895,1.1615396365580146,1,1,43.11933066916336,0.8351890606613965,2.186662072248881,2,1.03
5.851108168467666,9.244066467233775,7.828062707733572,0.8738232489368563,4,3,118.86701463312264,2.609098606442714,2.3151962360160283,1,5.38
2.162457569401917,7.9815484845310865,3.618635198473307,0.854094365542228,3,5,157.44638980315574,2.3700028462103657,2.3808635647038376,5,7.54
5.946972249101567,6.916622993634317,4.434865746359446,0.21840459565167147,1,3,107.25495981790604,1.305511713972337,1.5031594946171292,5,4.21
6.120460419882053,7.419952939479731,5.740135461377508,1.4415548885735796,4,2,200.9897582070235,2.367170160233434,1.4675707976350238,2,5.34
10.926484224970572,5.311766429052435,4.991363775945209,0.961081401493599,1,4,144.64939692342898,0.7654075542157606,1.6028915006927833,2,4.25
5.615278070437755,10.66862796942524,4.3008378102871525,0.9097600432046872,1,1,163.52580235641494,1.0001000737362995,2.0637711971852553,2,0.93
6.603094684667225,7.193831772962842,4.729922004932451,2.59655378392243,5,5,117.94325540135414,1.762812261587934,1.88841441426329,3,9.14
5.9305764605895135,7.164092191907339,8.80683117047655,1.149376454182843,4,4,0.0,2.078927819072221,1.5122147170385256,4,7.66
3.662643924760936,8.088649935848037,3.8847624059328294,0.6241044749524078,3,3,0.0,1.6963614630121422,2.3876571052598234,3,4.79
8.285645629030041,7.7215138476050695,4.402198093429935,0.7868212018972284,3,5,197.16876373536218,2.433115963873111,2.14152241006824,5,8.05
7.503866065373549,7.335826036418697,6.1013087920152245,1.5742228545983774,4,4,171.35296611915152,2.388466415048291,2.084464495685427,1,6.51
7.582063894086094,5.814288316832032,6.211051865915968,1.0566352052688823,5,5,185.09297650808676,3.5293668083481444,1.8710053474130321,4,9.83
4.181225090410522,7.707202535703994,6.37406061112076,0.28086101084131665,2,2,160.75782736503305,1.9047146528549954,1.8108859488172135,1,2.62
8.805588621872198,9.82303674471255,5.277460444058369,1.4596144672876017,1,2,167.16539226988115,3.194563431184129,1.5793344190955119,5,3.18
3.1962978744154382,9.018130069232466,1.713990174539033,0.665927957230503,5,1,227.52186988950305,2.920725512893893,2.466870146268669,5,6.24
7.173714187600541,9.389779939959094,7.266863064602192,1.9366488881087727,4,1,185.56954979211298,4.293977283293148,1.6482535591734067,1,3.73
10.380911251619956,6.233176485353223,1.707309213962624,1.5400240328573243,1,2,233.27274802448903,1.8727419800977256,2.1046952333464084,1,1.79
4.0189273497386235,5.5155927696121285,4.605270930478066,0.7763390521706244,3,5,163.71694729812776,1.5796412785470118,2.8310051981360167,1,6.13
4.867404540794456,6.8113196198505275,2.4914482999612844,1.6405081808675566,2,2,125.96946075841832,3.257694222243733,1.8338711276553248,5,3.96
6.199302730175282,7.083587368433042,3.871723306814015,1.0339277552637016,3,1,165.53622897249966,2.385432571741262,2.480351070359597,2,3.08
4.993048691767601,8.641287277706423,4.657524820606961,1.4263868375611097,4,2,83.10576948101625,3.2816592167838996,2.2843545080178367,1,4.19
2.8986731378677346,4.461303055427771,4.642714430900546,1.2423664086472375,1,2,119.61224568704729,2.7167987979895,2.1557337816305266,4,2.59
6.137125949612055,9.29432547919092,4.84384150847057,0.5768216725045632,4,5,164.20570469120295,0.0,2.2151742209523766,5,9.12
3.8753925725477902,6.762988152131516,7.227422538117294,0.678225083841269,1,4,163.14546655208093,2.376321777031183,1.9525467153645348,3,4.11
6.9471848612703635,6.35967839507887,4.90706860302796,1.5149804087905805,5,1,141.48648959976092,2.3112158979514894,2.0173879843967204,3,5.81
4.1611515315323935,5.481843437109749,3.5116867294187024,0.8326123339467295,2,5,38.94522318606347,2.133106902463963,1.7259430258871378,4,6.21
9.09986881003508,4.517714992201346,5.928174336576714,0.7981757683790016,5,2,200.91276371365714,1.867756945876617,2.0207285605670444,2,6.74
4.433493415327526,8.234755875942872,6.378940977849281,0.5224387103253235,5,2,216.73827252796394,0.4078564722056721,1.7073870021082516,1,6.12
5.355876967588649,7.109976950782606,1.544784369726015,1.2117995327967306,4,4,281.49523962017906,2.874176917238323,2.5028275465382985,5,8.06
7.62703443473934,5.065058650388419,5.194800139699716,2.0312624596215727,2,1,185.3420797270985,2.3737684280934945,1.150251285660778,1,2.1
3.5382713671320896,5.057381841904576,5.402345484621796,0.46623354287286356,1,1,150.11694673531863,3.101956697397424,2.240526645562741,5,2.25
6.4549198692082586,6.4963229510648075,3.404872993280016,1.0121097283363791,1,3,68.95763923118801,0.4612444757247469,2.16829335071114,3,3.18
8.614285508564857,9.503532287934089,6.751413626623239,1.7061102777077146,3,1,269.3614295488844,2.5071344895452685,2.123007982088017,1,2.99
2.785033530877545,6.610612972954593,3.6998888259349467,0.9601793043771424,1,4,169.82663814992188,1.7653406624534373,2.5122494744327435,4,4.28
6.369267717064608,4.7452855703228405,4.2511529069430845,1.226185898124867,4,3,165.46985390603652,2.1437880099255295,1.8569382049785264,2,6.2
6.519765588496847,6.631385403871084,3.653856351432261,0.46880323592656015,5,3,129.67550414569183,1.7768403658191092,2.127716922286025,4,7.94
7.563645743554621,6.590914645378494,4.031158095162935,1.2141535486038242,5,2,124.56243468521103,2.5436079274801298,1.1417290559067736,2,6.37
3.526098578243836,3.0,1.8074498262095964,0.9064278674977256,5,2,205.06133872406775,1.8371268790084203,1.7923415589323883,1,5.99
3.3590867738314474,6.918557700223282,1.1198982348114113,1.4928649978399315,2,1,68.28475018731265,0.9480850749443108,2.427868215587612,1,1.24
7.0438831312337955,6.653598204686983,7.189010126449944,1.5936930257823756,1,3,280.03454873270243,2.0864254187861913,1.3304191322317591,2,3.35
6.5939693464663724,8.044309547220127,2.3060773033633444,2.294781821009307,4,2,262.60211660306976,1.7858254628644996,2.0798716835253725,3,5.61
6.5009857006917535,9.773434142418019,2.0172153010873854,1.2898165866067879,2,4,121.67507625063286,1.9166063788711165,1.6612414640581015,5,5.75
6.692896418993952,8.689847544321637,0.0,1.1628981582910831,3,2,80.8908347301566,0.0,1.9445065141141324,4,4.73
4.639950556843019,6.596666964167754,2.7220765046209956,1.097192150788668,4,2,0.0,2.6826360835687053,1.6911612556192015,4,5.55
6.464507394322007,5.340211136887494,1.3538204131850033,0.8234168535946558,4,3,49.88689020126186,1.685336382653219,1.3764021978532848,4,6.83
6.586144946597362,10.86003970487479,7.284030320272738,1.1692419217308456,4,3,208.39291943062995,0.6518464259817343,2.1930016574799005,1,5.7
4.571297163947264,7.088827651021733,6.019634178685268,0.8522992949304853,5,5,175.2273487120523,2.922563516848142,1.975201618987627,4,9.61
9.731549022289514,7.0208939378694195,2.6236993096445524,1.084230488134807,4,4,189.49228522448703,2.6363657277529304,2.3063145598435995,5,8.22
6.947665841823575,6.963812369334995,8.504871610688618,1.65879876780398,1,3,2.3536291740670663,1.6726798037251438,2.3972189539994306,5,3.89
3.617393005594703,7.297127141151782,5.963530973983189,0.49672871736017943,4,1,118.33475039178686,0.8478306204799813,2.6126293685445074,2,4.16
7.313107217267659,6.783459382114087,3.350337232982755,1.5699392805645227,5,4,259.3818245025666,2.178030734679372,2.0667433727213322,1,7.71
4.050636659545357,6.139506989679646,0.0,1.6585575336699327,4,4,142.31780757445173,2.1231060845876093,2.634310512301604,5,7.71
7.574169207484904,6.179711588139412,8.581885145181484,0.9409657365044606,3,3,48.21642123008118,2.924334282991782,1.5121127463045227,3,5.47
8.317191158014808,6.950870094676002,1.220855066472808,0.0,3,4,141.0718135325679,1.5562644851395098,2.4544799146140654,1,5.34
4.358635363296579,6.184862843299353,0.7092025060862164,0.6960890064527838,5,3,88.31860653078002,3.194922134864996,2.229695208163927,1,6.16
7.926752258488643,5.930731325984254,6.045140864019281,1.6484972732805545,1,2,176.69432479563176,1.4597469966642327,2.1165463262573936,5,3.5
6.825561853872997,7.159645341537845,8.879504812678546,0.9885659688505589,1,5,151.6436303110172,0.6541682154575781,2.2223661170815587,3,5.26
7.64412031998898,6.617534173868717,6.768545637021036,0.5003488838525446,2,2,193.46373312658326,0.8677172445227188,1.5196305608322689,2,3.56
9.793585965307894,9.255989482874032,5.12781824010472,0.7476125393858912,5,3,52.566109858790995,1.9375884608643845,1.4016265950374887,5,8.4
5.509223767994259,3.023545287410482,5.189508683330572,1.4203100132522766,4,3,114.1026745067921,1.9344854909412676,2.854914093038499,3,6.42
4.492527671285021,8.637260277883692,5.706831117560616,1.2733667841006897,5,2,237.23474731192874,2.327861140750776,1.915638910901365,1,5.81
4.220971140748953,8.869127788746443,5.5178571795735305,0.8805339504151528,2,1,41.65759564516148,1.9096259688815587,1.9085032890966498,3,2.2
4.368379430069123,3.889914651387776,4.562382847938752,0.8165877940926562,5,1,69.75103871680173,2.9773185160643294,1.4488452628793542,1,4.9
5.845796581171792,6.485968608879476,4.208402207903752,0.804120925478089,5,1,165.94378479936512,1.7389059015374237,1.2591108472515815,5,6.9
6.682303949633288,6.442838701006313,3.874813744200955,0.5387949077507488,2,3,172.9383871267033,0.003723735128583927,1.955840560593859,5,5.5
6.553381598660038,4.888732457923268,2.4920708222666477,1.8076878447347209,1,4,110.89201258057842,1.8789033115342062,1.829206039245636,4,4.5
7.654366498072047,5.833274968613687,3.438649846266452,0.83883976539433,4,3,127.725369388892,0.0,2.0008671783712253,4,7.16
6.026003783755814,5.334136231801256,0.6140863716092291,1.6085792604127482,2,4,192.65804492445133,2.2713909809976975,2.0435769701910873,4,5.53
8.907068154314633,9.628405665135434,3.8033207464105003,1.7606580259612257,3,2,217.9708001407894,3.057192998984916,3.244730540630347,5,5.03
5.470686333524088,8.403517589721192,2.022817785698165,1.4991554490739802,1,5,64.46226677681926,1.0137755137174809,1.8307100096305227,2,4.2
11.440338333179238,8.907332642491237,1.7928213655684582,0.7841898436409758,3,4,179.145561650236,3.4185566863918506,2.7899700539717234,5,6.89
7.251334695530012,8.082508096064853,4.359788302306957,1.2018650451683048,1,1,270.9612800004578,2.842831244728431,2.8210121075224723,3,1.46
4.2856848871674345,5.306422343174156,6.784004572689199,0.9879021968045419,4,3,140.7286350911094,3.2064801554150546,2.376812142635992,5,7.18
3.8582150038777754,6.21321960058034,5.836633212004626,0.5481490696349359,4,2,63.61286769691847,2.189563856434631,1.8824368337254442,5,6.28
6.96494483048637,7.734061841841877,0.858998792753646,1.1621796408608014,5,1,59.91264729382269,1.0072348242481795,1.3192638319336354,1,4.83
5.553074429348298,5.166808286662082,2.020743726859325,0.41048010442009875,3,2,137.1410046950509,2.7808154278141375,2.2389719386669533,1,3.5
7.428000988184184,8.069497645258583,5.881542375976432,1.5938396942307818,1,5,232.86778438940948,1.37539909323166,2.509406039850472,1,4.24
6.94647524914709,6.639511902762798,2.035025212923381,0.7676913513508035,4,3,146.7395320122703,2.1178845061033553,2.8738437321414922,5,7.07
5.854342174686255,6.437768788675604,3.5507337000059507,1.1005798279364196,2,3,165.1385583924742,1.8286490071963815,1.525021022876609,2,3.99
4.30641256386319,8.066439952305238,5.100104198049104,1.141643935773071,4,5,70.29266542609568,3.1246958567968957,1.8782368054073664,3,7.75
2.9703055506282707,7.66639496722906,2.0633110902727294,0.8705475131479613,2,3,228.6494106381238,2.7303270059233293,1.5280677047885765,3,4.18
5.106970095865957,6.45855075127138,4.21075101229192,1.2933469007376375,1,4,58.34731430677161,1.9194342016876291,1.6832610037815388,2,3.48
7.712797588646945,8.738994705046371,1.3319490101635911,0.7625481716887378,4,2,109.64028125826935,0.048392806459847115,2.3321937671178135,2,5.06
6.4281874882604075,5.378405008600154,2.7972647120975727,1.435648648728622,4,1,200.39318896370352,1.364772533470799,1.6603476153171322,3,4.99
3.508522442576024,7.923903410416395,4.639563868285074,0.32701015987662574,1,5,0.0,2.704222289484417,1.5878644113414953,4,4.91
6.346361851702364,7.889651886952576,0.8140125329366614,1.0631897897732059,4,4,163.91689197485664,2.2801102610465844,2.3984979318611375,1,6.15
6.770634759457674,6.535680341029015,4.880949475920798,1.9694644995291424,2,1,66.8741146886575,0.49677806558713855,2.2253693950217732,1,1.67
4.232285127597734,7.489199533363177,3.9607244021466377,0.49983433769721264,4,1,151.32395191272906,0.19341202753111086,2.175005598967587,3,4.76
6.307450211891056,5.123329635422046,5.104979908834295,0.6611275147375743,3,5,121.83555138304507,2.1955091501574566,1.6735563209004671,2,6.83
6.116417436892,8.386040528810351,4.447828268129323,1.2569539248294574,5,4,318.46678602787904,0.9429428322842239,2.646511639107351,4,9.04
3.714059404338754,6.722646795335517,6.728280859947688,1.089790890969799,2,1,118.5503048640075,1.039203539162423,2.0072450986598955,3,2.59
6.715574720696567,6.215915469221441,4.250449005295814,1.1753150496367797,3,1,297.4121098306674,2.672607728782654,3.1900950693773846,1,2.84
7.121569052736469,8.573513838755334,3.141188917749494,1.2445935650738318,1,4,196.95618329466998,3.202238780415674,2.0805830847350224,5,4.77
8.166102486350553,5.943484464185861,4.244595006064568,1.3173607342808848,2,3,85.88328234162174,1.2492979729637015,0.8333260790764199,2,4.2
8.107604104069805,4.88730805545466,5.086596058072776,1.5548499209781115,5,1,176.46487402078054,1.9552396923878266,0.8110622326115655,5,7.21
3.244661264085818,4.665056239714144,4.0977201406514085,1.2049093284642562,5,2,125.64722029297506,1.9257533340156394,2.3119749709227344,3,6.51
4.124349920169754,7.909014927018459,4.081183382407764,0.8793711726907287,1,4,169.3725992592987,1.8357958953034834,2.6502470761654027,1,2.96
7.0300705344173195,5.079355971255575,2.5960166243864893,1.3362868506013656,1,1,92.88872100533867,2.0405984761562985,1.6080859350380752,4,1.96
7.027571901824418,9.632191272976547,2.6741981648981037,1.9499409674476078,2,5,285.21421066767664,2.7564989278401564,3.0504893863885756,5,6.6
7.030095372612096,3.877105888174417,1.194789456400613,0.9336831268087132,4,2,224.03184726373794,1.3260756532704046,2.831499468497052,4,6.18
13.705462981309442,9.544684552435058,7.499153486373879,0.5127353476646792,1,1,152.54252545292726,0.4747224654839335,2.1052733817205738,1,1.19
7.141781021386334,7.316526200803928,1.5122735292174299,1.5535403346434864,4,2,288.3291814455627,3.6900099336037604,2.269726971178066,5,6.37
8.271131280361198,6.854930332194411,2.6141896044081854,0.9398094180232008,3,2,155.94233952662788,3.0894219244900505,2.4472651086942583,4,4.79
7.908003526986405,6.182621369786576,2.5631854688616054,0.0,5,3,237.80999718889316,0.8963621287506021,2.9449974486602577,4,8.18
7.302782502611596,7.598704171528106,5.789848753888883,1.4237108385752109,4,2,153.06404700179397,2.1356320087759535,2.3410679833727905,5,6.42
5.369461510719309,6.943547946362727,3.4101006434159444,0.7323359070230386,5,3,181.51100758484628,3.0107021645861103,2.0939658261355745,1,6.53
7.517938440986535,8.654952823024782,6.495484145347468,0.9547333588479197,4,4,143.48489752457763,2.749043944526039,2.336150598793324,4,7.62
4.454349570924856,7.17134147299306,2.653018751512263,1.1659901652845073,3,3,157.62410830991496,2.4620133099292847,2.268680140724613,3,5.09
5.526362786519982,7.225452642192816,4.557988324447604,1.0952498398895332,1,5,163.64254883103993,1.8297731084082562,2.462205093637497,5,5.7
5.029272904341793,6.454581681679216,2.3293058934804853,1.3547259085695198,3,1,96.42145340092851,3.7273039250619577,1.2149883534602317,2,2.95
6.163748278772645,6.914581564418399,8.290298255546777,0.7822568147150784,1,4,117.91450664615297,2.22085887245946,2.1579267249737275,2,3.71
10.629317133347017,7.461702653338088,1.6248031619409744,1.2565528990880415,1,4,132.65959868110625,1.4850407406793096,2.2302202537898683,1,3.26
2.265469614816504,4.434747411015062,4.619641420454055,0.8702266612080414,5,5,168.37688134418374,2.8710757288455953,1.963576416473914,3,9.16
7.372520380749027,4.9777218668414305,5.267553761864197,1.3694052404437516,3,3,147.55367843972263,2.09605864195142,2.3920832221087793,4,5.91
2.7745682576206967,8.114896141034073,4.827598194902997,1.3076837420065268,4,1,243.84260270605657,2.3497977272536223,2.9605838102845206,2,3.99
5.056136268421133,7.256298157191913,3.6294246822445833,0.5322806489777023,3,3,217.76946551837128,2.2031492015912075,2.06910856555222,1,4.54
8.177901193934732,6.724024995470981,3.7403586005331477,1.5429910580875161,5,2,134.2937955179702,2.49677557376691,2.3458605403538453,3,6.56
6.128560038190925,7.02765089959809,4.087622943958219,0.732018277442976,1,3,260.5427117961551,1.021543746600793,2.803132380225777,3,3.39
3.8445104441413878,7.521372558042507,3.705995996743023,1.4040288991405725,5,4,299.8416498860365,0.5488936128299917,2.080782252970928,1,7.76
4.569392581480064,6.190360479535958,5.927758233589819,1.1836436567006703,2,1,0.0,3.434132723233584,1.5557683988205955,1,1.35
7.359195497869352,5.832542911896531,8.421046003182703,1.9190918383975613,2,3,224.58320680530232,2.2495845617891694,2.307889424543962,4,5.04
4.539266736565727,7.293767882646522,2.885016429984333,0.8882670088140739,4,1,94.56126421348007,2.7708472774085786,0.8991669316009621,1,3.73
6.43291717916395,5.532440833577452,1.2603940408418444,0.8253416019409012,5,1,214.05984170586396,0.2402407798223738,0.85081648101866,4,6.79
6.091143679807628,7.612379133571707,3.8234359032974905,0.9902901970561337,4,2,249.05903525171453,3.0666831087145026,2.166506023558129,4,6.01
4.696799304788366,4.44612459364324,9.159418675308636,0.8484101085828623,4,2,79.84059243915584,1.4785143546442323,0.8275148084590669,5,6.9
10.28788817865065,8.543733455988466,2.3926508640605384,1.399970950971025,2,4,1.8138320787391535,1.1937818331909555,1.3424161287859047,3,5.07
7.267838044636022,7.708896223619565,7.278233610888135,0.19184469578170604,4,5,216.8347270572692,1.9366268323680136,1.8099507182448387,3,8.54
1.9497148266847857,7.384044601470814,7.355401628152881,0.47315879042682296,2,1,160.8321985986889,1.0220197894574752,1.6392918251270567,3,2.69
6.3729086295388555,8.474036475918272,2.892823516584011,0.46609853921040345,1,5,16.52489968778974,1.998268301774393,1.926096748226441,5,5.41
4.676427070463224,9.498211666693866,5.137966158370551,1.4751537959867878,5,4,352.3651604370258,1.8636616529855135,2.556435070384248,4,8.9
7.704866669592448,8.521555097527196,7.256793246257076,1.8553066862909626,4,1,199.95355298052417,3.0603959052338827,2.1192404056819654,4,5.17
4.414958523134599,4.238688653002532,3.2417445180250257,0.9477753907312643,2,1,203.60800321001219,3.5133445021394696,1.5803397991102703,1,1.79
5.770527117066202,5.080634549896448,3.5928392797952764,0.9155891384049947,3,5,259.2654202049639,3.4815157928415834,2.677220536392138,5,7.95
7.0099745579609145,6.062772133456482,2.8366381721027123,1.0350260815565906,4,3,103.53408377227984,0.0,1.2855713817279044,1,5.89
7.731510388340243,7.039136575316251,1.9704865386142663,1.5809391513040953,1,2,160.43632896709414,1.0648331701567149,2.1109417543860496,5,3.26
3.5994071858884475,7.776488530703684,2.701444909867986,0.536323432904713,1,3,44.45424689761896,0.0,1.2299570124941477,1,2.28
5.330997528318103,5.911384280269802,1.552119466475487,1.1191844913673925,3,5,101.36412421718524,0.8064577255649692,2.1261589528652696,2,6.55
5.050109377678088,7.280150146715617,4.068166936518452,1.487598814891215,2,2,180.85280003753903,1.3504817890961687,1.840686298053701,3,3.48
4.693341534852577,5.866925601470016,2.4600535378827164,1.2505470849699227,4,3,16.777226629403827,2.4105616152269436,2.541118955763184,3,5.89
9.530908480562193,6.082723295512078,4.467571823581496,1.0947908082993716,2,2,99.0968363457535,1.4800667655074595,2.3603447355971148,4,3.97
6.809963421921911,4.890008354727667,0.8882087075927454,1.5005230462835706,1,1,75.76528320498235,1.5079299290513541,1.7064303340041684,2,1.01
3.4782320913299096,5.615150130833643,4.661760464428914,0.0,2,3,161.3673796496276,2.1817646831997632,1.6105301795918794,3,4.4
7.835723894109552,4.9724730915755,5.6670579232178495,1.3389376597654539,1,2,195.97610093322788,0.2906903547921891,1.8424516334839454,4,3.36
10.244312394025266,5.536190120534001,0.012528714857089174,0.6729621584362881,2,2,209.37222435011657,1.1614068470361363,2.9377857300171697,2,3.16
8.064930521102294,8.580462694911759,4.748113139695144,0.08468355157177154,3,2,229.90533158225207,1.4964433741826273,2.8095342405540404,3,4.63
2.961260068091973,5.5759016667520855,6.455337984946585,1.2556012997624904,5,3,259.76934772578966,1.7975980113686558,1.5158659073156746,1,7.01
5.031531854267497,10.948573097256087,1.5807179626175891,1.6868292725814789,3,4,198.57963629467247,2.076953990225545,2.400112669000674,5,6.62
8.533822298373245,7.739976851321334,7.345144773675407,0.9312757426861541,3,3,300.98687191155324,3.5006497897330418,1.134284285551367,2,5.5
4.584661068762438,7.2772541855423105,4.838038018732091,1.4764372736014695,5,5,159.56020170117455,2.9083361610810945,1.7763287694713175,4,9.52
6.887638856292456,5.7124633297281795,2.5899762884831823,1.8061391289943227,5,3,136.1343076599562,1.2306899755080654,1.5362178235687707,2,7.23
7.5492681068586736,8.050464819113486,3.888461844684588,1.6574572267920238,4,2,198.5845890688032,1.738670940548532,2.5346397287862206,4,5.97
4.146139056843834,6.136543260643339,5.116653825043445,1.8199822646856965,4,1,132.6871060005929,1.6705608629078765,1.354641240105794,2,4.35
5.8809492878764,7.183014721968042,4.152010782824823,1.3710637455359462,3,3,298.20517830200396,1.4858474834792563,2.214675117711236,4,6.06
0.0,10.840126807403191,5.077511984892738,1.0377168194507964,3,3,240.47867785081695,2.2725158258209097,2.0003550607829816,3,4.98
3.9512247173314203,6.855910150413025,2.1586528138412673,0.19901709405141577,1,2,210.02225153596115,0.14022044702909175,1.9122755851352449,1,1.69
5.494863697213679,8.723909989428513,4.3387216480721555,0.8769687559350257,1,1,160.51354752330806,2.880714388006484,2.835791475372199,3,1.1
3.504433636070301,5.945235362311169,1.1725710061900396,0.5783767023419042,4,1,117.40182628681097,3.6935507907153555,2.8798485961671556,1,3.23
9.26482260786327,6.947517264254557,3.777547877302599,2.085471358748907,4,5,206.10600036542078,1.730159459328183,1.9278035907735143,3,8.4
3.1397172440787346,9.656200953453265,2.1921847170704205,0.9120570937838317,1,3,59.83220385224328,1.7106355748821713,1.827041849700003,3,2.67
5.119911026606032,6.059549413318349,2.528940114820467,1.0616024033922429,1,1,272.74908267528167,2.1570442472086713,1.2465633405984167,2,1.4
6.2614811545721825,9.718672836995394,6.472186350420875,1.2757426880202338,2,1,135.7890635691701,3.0193859769602103,1.997870506380395,5,3.19
8.882546578132231,8.061627903183213,6.182620241188538,1.0218012231862268,2,4,174.40853865925834,1.6757062831827576,2.9766516278729953,4,5.61
3.1282756976411212,6.156299836158599,5.218276241814354,1.8475255202153766,1,4,77.2319139045369,2.9339451661017364,1.9356323302360383,4,4.14
8.32632750430992,7.948611608583281,1.815374470654842,0.688675319132774,2,1,207.8389010495377,2.4884946724532426,2.36437964157189,4,2.96
6.020466122039174,8.458831674440095,3.3671831006103963,1.0973037276186213,5,5,113.70067097293372,4.361611444004691,1.3012513380403679,1,8.04
4.036982697904098,7.932714943325795,6.426195399958367,0.6287647071509759,4,1,201.93830322440786,1.6713379848377041,1.7826125351331992,4,5.28
6.924206948526542,4.644662920164315,4.28343382727981,0.3399887443896471,4,2,210.59147751819114,0.02399955227916628,2.2312326529013253,4,6.54
6.39811939114694,5.9092942362626975,8.63865907996339,0.6941154545473573,1,3,98.18943091291676,0.567060879314486,2.052931199024026,2,3.1
4.799566245682411,6.628722046672743,4.786635678788744,0.981481601475794,3,5,60.117670326880415,2.011928237400157,2.4123336672052806,3,6.77
6.139604169980037,6.88834985634993,4.3840982329800635,0.78534888774137,1,2,272.5519933235636,3.0278820940207516,1.6986640577206682,4,3.02
5.22937280627648,7.9310081463260165,3.3817670715949975,0.653789510063072,2,5,134.61607727767344,1.3474908595792763,1.1250057255881674,5,6.97
6.227034690502496,7.2665515013998805,4.267081809564565,0.29684126816408307,3,2,167.98790528365106,1.76906755012467,2.5610451151611353,4,4.91
7.324261349042093,4.996983461934848,3.695060327238912,0.9584472136856527,2,3,188.83716197173936,2.6848427373315755,1.5319253553645458,1,3.71
9.172033632290704,7.570296776508945,5.416217353377181,0.24763981298449889,5,3,49.703989608142365,1.0347673991215425,2.253302013750992,1,6.71
3.524369002346302,7.915878617925735,5.913404633589169,1.3800279818448014,2,4,187.013290945591,1.388730600805182,2.2254284332442076,1,4.23
10.266066749312532,7.83968567189656,2.4280210789841012,1.0412198764672516,5,2,157.93012289237097,0.8322733123897392,1.168123402484004,4,7.49
2.0958244009549962,8.621171088331932,1.337534092884444,0.2712242502675347,5,4,98.51754418364871,3.178228092882562,2.524562708620013,2,7.19
5.6964298099288335,8.250883231823355,0.32758925379340686,0.8453954614750683,2,2,57.47712121298166,3.541672811796367,1.7167164027355155,5,3.72
7.176634412969153,7.688770118842655,5.015982653825088,0.6239217972047084,2,4,198.4708438365816,0.42058501050693975,2.027527310993481,4,5.91
6.561983735470065,6.894751432812029,1.7932667876522528,1.1595872552095903,5,3,240.21696065559036,1.8578145010117768,1.8209087180172219,2,7.24
4.754600960358813,4.508558599726013,0.0,1.6702252230115722,3,5,164.28724139142423,3.407258975064945,2.8112957511164547,2,6.21
5.5837554992854495,7.644427328698879,4.7771572090619285,0.06241376517712771,5,4,35.24277265202505,2.398695183622238,2.6717451040920315,4,8.38
5.013998130682334,7.311531530744666,8.985999034865582,1.0575130395737087,4,2,65.41337462602158,1.5107607670009053,1.0938327081146388,4,6.19
4.821270486111577,7.4073682557930605,3.9878581769202133,0.9199336022166797,5,2,115.4301032540757,0.4538378803891012,3.1294135609540943,2,5.96
7.699204194042049,5.084877136269536,5.676981548903283,1.335670038225233,3,3,275.16957929286,3.1529445518228645,1.660846633742402,2,5.39
6.714030971930095,5.378415189387606,4.16365871709513,1.1065983141188447,4,2,130.25994703208994,2.3605152149444972,3.0512183384909193,2,4.96
4.614180809478691,8.579729279999356,3.8022206936177145,0.6240153341305905,1,1,112.514486176144,0.5270136122582445,1.8718952139300078,4,1.85
7.799199750866501,6.940667269215018,5.838152965975537,0.8404730321666909,1,5,16.121216025910826,3.189891053874991,1.8295416469540324,2,4.29
6.614599041753219,8.022251046058937,3.419450911622697,0.6019870715982555,3,4,97.46521679119112,0.3995964382421302,1.8763361334610889,1,5.39
7.62572423767792,7.042477564195692,4.534784628143806,1.538003569299299,5,5,51.365091680733585,1.7795138458325885,1.799605177510255,4,9.57
7.259257683847224,7.044634209243617,4.643395612392027,1.0106558243359711,2,3,69.745613526176,1.7353852966278709,3.262198268911611,1,3.08
4.342009978155856,8.407425708963997,2.6638190927139025,1.9505953428765037,3,4,159.5960544126994,3.6183813288478355,1.9618184003396828,3,5.76
4.879637919606061,6.225932907673939,5.984084699073046,0.9696695930926896,4,4,117.90686355110581,1.7389538081198475,1.8488517837306553,4,7.77
7.494587210246523,7.144181165411475,3.6500804866091827,0.6457966165447686,4,1,285.95955621370763,1.735357313699275,2.038505378746472,3,5.09
7.22074053086693,6.306587066942436,2.4885096810143104,0.24314280369358643,1,3,236.24026981659813,0.6369216551023063,1.5163324015376474,2,3.29
5.958196812071704,6.348255658851526,5.073019687140807,0.09843016187202747,4,2,101.2892849751729,1.3596023209413943,2.7985602671451253,2,5.06
6.234654766617564,6.536241814797041,2.2030640364179255,0.20793202849725512,3,1,76.6545726607588,1.1827045391193576,1.2644595821534343,5,4.59
8.555329791576849,7.333200657450569,4.056362314738257,1.1335633255057418,4,1,260.6113548531354,1.2347776339953072,1.6929956964642974,2,4.76
4.81685722232834,6.281877067504784,3.981762006711593,1.2543625116149668,3,5,282.80339915867864,2.006284524891873,2.4683301549233962,3,7.21
7.094194762340075,8.883634188360281,6.171791131663156,0.2094046489839333,2,5,0.0,0.0,2.021176065383716,2,5.53
5.595614695132212,5.658089046670744,4.949396465759905,1.4475191570380577,1,5,157.4286099177361,0.48976975458310235,2.274607591250023,4,5.54
5.56463759354556,6.719692533757962,3.949946082509712,0.7584694741582803,4,1,129.84973536826183,1.8889811263928453,2.766582058342715,2,4.08
8.19755370397438,6.340403412588738,5.635532598400574,1.0733965059927746,3,2,201.92961120479495,2.1212546831039316,2.50190077416624,5,5.56
7.6508326979760595,9.1704668265306,6.780415098034627,1.8061103141277122,5,4,305.41344993292034,1.7665672013561045,2.0687381725705727,2,8.28
7.627019272001277,7.294832164767362,5.115620612703724,1.448419657932766,1,5,111.27543845377613,1.959205510215039,3.044671324925899,3,4.69
8.610957614308658,8.547766809202953,4.0207052396867615,0.8657346760470839,2,2,0.0,1.5908833863447487,1.6858319256018834,3,3.24
6.042007683265518,4.771659440444542,1.3763275352996809,0.5544038872923562,3,3,196.3206160119411,1.9814953967703373,1.9498451795037235,2,5.08
7.363905942589928,7.4005753988038885,1.8697726738492548,0.0,2,5,261.1971254883362,2.434142220262216,1.9847798342486167,3,6.2
5.379466486813088,8.334446193435156,3.3895505912906647,0.64042334037879,2,4,125.69921747841802,2.427133728687661,1.9487891169915101,3,4.92
6.648332704976884,7.123425983913136,2.7809755956814337,0.8944348805861528,4,3,93.59700158882711,1.3110415885415043,1.46539467151942,5,7.32
5.739713891264631,8.598220562598026,3.626057394029108,0.5064102364244081,4,3,115.01924756978406,2.9150947395829503,1.2081750874197508,4,6.74
6.193991929985437,6.224067324849441,4.113299849794214,0.9343715164538476,3,4,218.01642937049877,2.1571086945033193,2.2086007871895967,5,7.21
7.190314050873827,9.11402116027837,5.059385508713461,1.0384259414793842,5,5,113.64312469720156,3.232213956339769,1.6832631072246715,1,8.18
4.363558633533055,10.448347185428876,3.859002443881818,0.8875720090959607,3,1,176.30082402742764,3.4328724312670817,2.95390439449064,5,3.87
10.184774551370921,6.455742159340511,4.9730032876524035,0.6749987095882701,5,4,152.22423325919522,0.557273278626754,1.9637288383823803,2,8.41
3.987965237000596,6.331746217898842,4.12894882962024,1.0843273359833638,2,4,143.9696310061787,1.140972461131291,1.874255371254255,4,5.6
3.5716227744245357,9.180076715676552,0.0490668672922574,1.2209703247847046,1,4,206.10338614017863,2.8135480399705504,2.5471698932013274,2,3.08
8.316221747000135,9.36935821859607,2.1213292123624914,0.454800461278577,3,3,111.71360801086445,0.33510757987105255,2.201096318723861,1,4.46
7.583325387925871,6.2157099592700975,3.711824888556769,1.705466189873135,3,2,115.55307518541768,3.4201769626933736,1.9122412861064755,4,4.78
7.24823963410431,6.369719774356215,1.5806105143177849,0.9507059338578692,5,1,213.80822799998032,1.6561178051873373,1.6796341261177783,3,6.02
7.25669101852856,6.577323086709239,5.199857459992409,1.0094248114724238,2,5,71.0459740665078,2.5750330351090183,3.8288509019995374,5,6.37
5.975506454306171,4.9833242334485846,7.061501664687395,1.3541072116282786,2,5,79.58238473421383,1.8836093371392237,2.180892881130869,2,5.62
4.205491257028337,5.622022080273703,6.437523703394634,1.1166080656317507,5,2,49.17485669251252,0.6076104722163129,2.542214788692198,1,5.68
6.151609116387453,5.493788849871898,3.573114258139584,1.4765683169566226,2,4,217.92087306212426,3.055544602131975,1.4885272398832523,3,5.32
4.645676576975776,5.848303652343807,6.9814522736999045,1.143562082600912,4,1,141.5810425534986,4.75072303053733,1.7110073067881626,5,5.42
7.9502394668355025,6.947972668919828,4.297334914404223,0.693781312679781,1,5,44.910788313674686,1.4849917236443082,3.0561729441451444,3,4.65
5.705885236995723,7.351322098804781,3.325828057763921,1.1807517626030508,3,5,218.3046849847255,1.6776414491547575,2.6984654696778176,5,7.87
4.349005606414977,9.325750739221116,2.7731946729181205,0.4281368963396691,1,4,105.55662707396516,0.0,2.2288110518666415,4,4.3
5.357228316694013,5.5024689388918135,3.395060627023743,1.0542798528882615,3,2,80.26575369304918,3.351502903456121,1.8092145541014881,3,4.26
6.825862908551248,8.476483597714875,3.2236463629175427,0.9833850046777696,4,1,134.34571528984384,2.911765322842003,1.882982114021712,3,4.51
4.872550894392051,6.6790167336617365,4.340832444750975,0.8959415713637302,2,2,268.29788875743134,0.26661613794508576,1.6619446323719353,3,3.9
4.355559208867137,6.925804435521351,4.3211479620997295,0.9357312442805347,5,2,118.40302428027438,0.0,1.4215753349306794,4,7.27
6.487374422983825,8.012229238249905,4.006092040306829,0.05907547725118045,4,1,196.02710912924675,0.05076871683473483,2.461922092130507,1,4.07
6.4899331422174455,5.315916967656552,4.8738763394927,0.7256375461295193,1,1,208.1664016360763,2.645169125372818,2.2694156113960293,5,2.52
4.9861136492577405,7.573614619276076,6.381292549572683,1.0464224505705573,5,5,185.46186384051248,2.7449914196140823,2.3680394081711365,3,9.14
5.057923388763355,7.249678312319584,5.899108270882648,1.0799281959987002,2,5,251.68573197394096,1.0766660556312118,1.831551006018868,4,6.78
6.464099874715273,7.738676896012223,1.030204063100193,0.48616242953702093,4,1,93.43071962941768,2.499260031382798,2.127819487566582,1,3.52
3.1038313170053518,7.433752965861727,0.0,1.6328539204323502,5,3,66.53321255597311,2.1588771209911526,1.7839781175129328,5,7.8
3.1850724512468895,10.682950209866341,5.868639822478547,0.5669125758927496,4,5,64.96266751800042,1.6327302931457814,1.636345968614847,4,8.22
4.563111557495128,6.043390023623026,1.2662426031691578,1.4847286002633684,4,3,138.44252677601654,2.9701968266853,2.833531218071088,5,6.8
5.573105696576306,6.203504567497274,3.550469196214633,1.2135971809358423,2,1,74.23626737275768,0.7950643987719614,2.0607536484203712,3,2.49
6.621815131196009,6.065289210362853,1.659773947881281,0.6768863450780984,3,5,161.80327294922628,3.147539213593895,2.25372716914327,1,6.06
8.950712433899104,6.166784321259618,0.3960391248399606,1.887655446304756,5,2,156.15907357799148,1.2714784459856472,2.4178770069287507,4,7.06
7.7153192464040385,6.0439193090402235,5.082925456409576,0.40318158412176,2,1,231.48586425488327,3.7815366819670446,2.067020443116512,1,1.89
5.680122940073145,8.783524796661327,5.518310320605294,1.4595770868050009,4,4,173.2915446588832,0.9946939765185334,2.120316372012577,3,7.31
5.961967584194622,9.130756371984782,2.846979198546561,1.5002911590214891,2,3,116.70785153108415,1.648427921399873,1.4566874115231463,1,3.27
3.9949412707243823,6.143880559375786,0.0,0.6646898954616776,3,1,182.86793635461464,2.0585871375423532,1.5519424857817072,1,2.72
5.96297372801522,5.751466640343657,2.9075111034950343,1.6962326500321643,5,1,67.58447840816474,2.052318547822483,1.5260926224357767,2,5.25
5.422682722159723,7.707123334579606,4.783608010805093,0.8749767427005236,3,5,146.94874495805462,2.4908285006180955,2.3027292084102675,1,6.04
6.645437120676179,6.171665433578543,1.0421768624517425,1.1443468146399285,1,5,175.55209868764646,0.7143175817533227,2.0354453264110326,5,5.91
4.345538112895354,7.949397726633266,4.3667198395583116,1.1301609193856104,5,5,160.3454078520101,1.962687591753365,1.551984218117206,4,9.62
7.038693028482345,7.304384531276949,3.969380301654009,0.9328456292647261,3,4,183.20520759487871,2.1381317064027208,2.2900494208176037,2,5.8
9.065477826005155,4.7263838275041525,5.158582999202177,1.405404136579891,4,5,98.4763187429767,1.4722617759718732,2.271728230477053,4,8.79
5.782479703086285,9.321257801995092,4.239160736828307,1.3967443602761065,5,1,242.1625122247613,2.404058617459418,1.6525170043503177,4,6.25
6.8034234441978825,9.693816509643282,2.0538621182368892,0.12573401338090961,5,5,295.7735159516566,0.6536300865122191,1.986086227685363,3,9.51
7.380287983422225,6.080816964273421,6.393143003328983,1.6521701214390763,2,2,21.785908411312448,1.6735461109493164,2.2735708375302384,3,3.3
5.197559056228328,6.418447660096024,3.68294085394606,0.16875400598216284,4,5,52.75216032366015,1.246815875596334,1.5708223229402882,2,7.7
6.448184963620833,7.428798086087357,3.9453909209801363,1.5162731021708287,1,4,153.44664064195084,1.676569070450981,2.2831133824479752,3,3.99
6.02518480156359,7.501685184980538,2.133464081853608,1.5633525684137917,3,2,129.4759215557701,3.447035459921203,2.150511802081781,3,4.1
6.195352197097663,7.987816409009246,3.1134354976169796,0.4545167848924009,2,1,301.7129924618226,3.4664557261574003,1.5004001472494868,3,2.77
4.453980432289067,10.015306808149525,2.2303945719461984,0.7945928560227076,3,1,167.5827458739569,3.2704164605812203,2.109898367499051,4,3.59
6.049020348517885,6.734579158758926,3.654107880153154,0.44714766575703213,1,3,261.4036202980766,1.5377427199191485,2.1828242933279522,2,3.05
6.9959965824909,5.802554133192319,7.423416960284687,0.8925394848556323,1,2,0.0,2.907618276800207,1.6869994369306005,4,2.69
8.902287215590084,4.9310211579782095,1.2561977141372873,0.8459828579071293,5,3,215.13355866658816,2.112362126925804,1.7263581750668955,5,8.72
7.918541652170414,5.9036049400871216,0.7728772042465177,1.38983026613467,1,2,92.75865445933432,2.0455897035030084,1.495790034534405,4,2.75
10.306364915023114,6.950309540689305,6.942340654987217,1.6551543730598042,3,2,91.47659443042741,1.9226386523808308,1.775500515438053,5,5.59
4.465304874223901,9.691836795276682,3.581352645696268,1.697841905394978,4,4,130.13135788703008,3.758417857379125,1.993958994781426,1,5.87
7.744641273441356,6.223583051445743,2.6618545226801666,0.718915986710849,4,3,36.033308821512634,3.3658386055564637,1.7277389206528397,1,5.33
6.366684011476703,7.335681927458348,6.079809374792153,0.8953890631277361,5,4,185.4228420257482,2.744896418447097,1.2575560508780563,5,9.46
10.379605866435345,6.975365655890872,2.788768920526272,0.15828090388952487,3,2,165.2571973373436,1.8296990344893735,1.6557059876816866,5,5.71
4.383403429289697,8.782589910172126,7.652019427093872,0.5970649667519057,3,1,171.29537985498163,2.039560758254562,1.791353946593999,4,4.12
4.320556315638448,10.790398638810434,5.355851742678539,1.4824258165487287,1,2,220.96248177063248,2.5305666045377344,2.408419354816126,5,2.89
4.801214709111956,6.203696840619519,3.024177183708595,1.8077914117741158,3,4,271.1825636955323,1.4783910881459776,2.297382457388465,2,5.92
1.7522085513803862,6.265840836222667,8.314616426531007,0.382825564060039,2,3,120.90311607299623,2.938315715964504,2.4181105394375013,1,3.2
4.948489956638478,8.566241315603609,2.788570153993323,0.7037678704235528,1,3,188.1880511789179,1.0787548885570934,1.630490551500516,1,2.4
4.481734676892604,8.022837234439468,5.484190744018614,0.9867971215205364,2,4,173.43905666679834,2.3918436879974054,2.0707753895396714,5,5.9
6.300787572952415,9.770060988604051,4.598585160812984,1.1400805794098035,5,3,180.20916050631516,0.0,0.7884767504992332,3,7.89
6.683511951554319,7.875892277988946,6.603482578797596,0.5951982400391769,4,5,181.40781315727867,1.44938147339787,2.214460199090494,3,8.33
9.752341678431772,6.461061863819411,7.123022393453706,1.2120305222320449,5,1,277.2402675651871,4.077677132919444,2.305448836950399,5,6.97
7.9008476763721,7.885982246038464,4.064008298131533,0.7630803264645419,4,1,113.22585052085651,3.036191494391911,1.824187416069538,2,4.18
4.846192688675194,8.663055370874362,2.4931642593076333,0.9927738645608605,5,1,27.941127743705437,3.535468449934524,2.147714905860891,3,5.08
4.203170657303284,8.230723271796046,4.919944285878233,1.2731421240018497,3,3,94.17009851072902,1.332692332645618,1.2425378623149737,5,6.16
6.983838343013011,7.760911046660946,2.6445692604957878,1.0032111349054689,2,3,210.5813546828324,2.1037728368004363,1.599466504800088,2,3.99
3.3595335859587157,8.600012034383731,8.026774495053246,0.7818070547367157,4,2,151.86636069177416,3.2819922530943044,2.382724619216138,2,4.85
9.662917531708707,8.75394338566851,4.273070662165475,0.9451950980370846,1,2,112.59205276040032,2.633094934705377,2.2556266392697872,4,2.66
8.358880241442574,9.07323848655629,3.2693568973757827,0.9558185203973324,2,1,63.88021852722865,2.5085658773583193,1.794072744477616,2,1.88
5.06164869579059,7.973064831384464,4.3693606117298165,0.8149944850589361,1,5,167.7028897384426,3.630581970330063,2.405681158702355,3,4.6
2.573730941818245,6.749322879524718,1.305747420940607,0.8706019686664488,2,2,201.5605020219047,0.9595450343860719,2.0691490583999554,3,3.34
8.707744748330825,7.220070529649984,2.056771922978697,1.7993235852523584,2,2,174.46976440768225,1.815761960554497,1.7478895180389202,5,4.39
5.770920309494764,8.809763449762535,6.400827815888851,1.2804597239706195,5,3,129.7335735076043,0.24591443733064566,1.908586344698353,5,8.47
8.475632623946924,5.774596493519146,2.6862114420572087,0.8522598409854198,4,5,161.731302743797,0.9048939480643987,1.7722911543442321,2,8.06
2.811144682411266,7.553009963309352,1.9061780346361208,1.348477202255368,4,1,161.26743732459323,3.074185392178971,1.4081120245907361,1,3.55
4.801249954092454,6.409991781508959,5.073305505054572,0.833090255121995,2,2,165.17575449741298,1.0826507338078766,2.6283429029510508,4,3.86
6.010487399436366,7.043117234402226,6.371408309325994,1.5865623187933207,3,5,55.255603918470385,2.7355242541250973,1.7159877833537045,1,6.04
6.093961187529484,8.917677793910947,5.437906621330134,1.1848210960990468,3,5,165.78610804919023,3.6584850419680803,1.5838196428515443,2,6.51
5.099869057041513,7.286648602029855,5.992095371611633,0.9463489279978856,1,1,114.75228252270443,1.8220618250080614,1.2353258397433207,2,1.17
7.2456998646949975,7.069654822234223,2.4864098228610785,1.2238584629051388,1,5,233.2494884807807,2.5198634397998125,0.6820160662054366,1,4.44
3.8647591412348112,4.960215788530121,1.1563786665163125,0.21456192396575036,5,5,160.63349134002192,2.74331212954292,2.3507484340594935,4,9.45
5.715241029957413,8.119380349040831,7.0026673039109735,0.43661626554509736,2,5,216.83833774583138,0.7785049369334347,2.396804343518106,1,5.39
6.240591263423798,7.968226271711613,3.3546403223157286,0.4030374968004723,1,2,125.85748903601981,1.383547654698953,2.596519292297354,5,3.04
7.028877668117498,10.24488208495819,3.498333967089905,1.0714715473818535,1,1,128.74289299108332,0.9963387883281978,1.925480341914909,3,1.37
7.423229756177779,6.538332647570499,6.656388283698115,1.866257499742546,2,5,269.5400997005066,1.4632768899169712,1.8390037363532024,5,7.36
3.7507158163242615,7.328725491495908,5.11246001880132,2.115650073096316,5,5,184.90681507324067,2.716110698081099,1.7461384433484293,3,9.1
2.9317716585287554,7.374075525566133,4.911775544163215,1.3190255507203785,1,2,92.83883740754091,1.4048032690577084,1.7917211850808985,2,1.72
8.555353643797018,9.366179919645212,8.330004689802168,1.2504222374722285,5,1,221.75795508963796,1.9648467730681831,2.5598951753700936,4,6.39
6.6646280239591835,6.857056701419572,2.712963539239714,0.09947113292363052,4,3,107.33562132577035,0.9575383830687645,1.986742375635521,1,5.63
4.503026926886893,7.418532288655509,5.855680256162474,0.7286631001329891,5,2,168.05585102492185,3.226422164533702,2.1890353980007013,4,6.92
9.102303951045046,7.911844764574809,4.114026249794169,0.6061081240458805,3,1,296.93397046875236,1.4548900097766628,1.778996584019798,1,3.32
6.231349268585717,7.279913684734537,4.537184557726514,0.6895762008744419,3,5,35.497408988955655,3.522980551909954,2.6604239531103535,5,7.41
8.358594368127653,6.330349578174207,7.056936852825063,0.9159280907076052,5,1,135.93744625867708,2.06092909384936,1.0476305602826304,5,7.11
6.135036962820218,7.291134989347461,5.015671512579248,0.7639547111514363,3,1,182.66173127216246,0.5930004220369207,1.3897379126409772,1,3.16
10.121495849763974,8.610447624789657,5.076592158099266,0.010350094812106136,4,1,211.17586677317394,1.8289732534543757,2.189855262117279,4,5.46
9.510681684886409,5.460227050883409,6.145014674619604,1.373955128058767,2,3,50.70128741113018,0.9372231725338356,2.8753053756154676,1,3.47
5.502071703041853,7.199454511220314,3.2700945409142292,0.46362848713009674,3,1,27.136778513998564,2.5893493773781526,1.8874499001206149,2,2.85
7.943141901908711,5.94981877759124,2.3215806653219873,1.1196234320555747,3,3,237.25994815923409,1.7386372176731335,1.5788145971363283,5,6.6
7.290751899170295,8.792569943387264,1.9103816119579329,2.0370413348749867,5,5,92.36681145569301,2.163210255027354,2.500331352579172,2,8.33
8.737263115064698,4.715219642824338,0.06728682124799645,0.5403077042067883,4,3,89.0173993602148,1.6306468899534372,2.16184922100745,5,7.3
4.070153078839791,6.161617229092617,8.112414259880644,0.0,2,5,274.0199738217733,1.4446576961366746,2.645106905997122,5,7.23
7.372102919996879,7.565817812596781,1.7935832685566337,0.8569978890599446,5,5,155.5761851785458,1.0263779903843728,1.3548244576278292,3,9.42
8.116848973699176,9.34828604385151,3.557492752828456,1.5504798174992855,5,3,156.09905821452594,2.8362229368215295,2.605834243005463,2,6.76
2.4825210271537714,6.901374608390518,3.446373400222159,1.979173727110297,4,2,135.61604438787742,1.826846898200302,1.2257712716158642,2,5.01
3.63348297466845,6.167200709960202,4.614813395618201,0.3852252027737916,2,4,52.08143466054639,1.685309106301616,1.8559139269225664,3,4.97
1.9215356444797989,9.821735604160885,5.6314744250785935,1.2483496116182609,4,1,204.05575595155102,1.8017861015578398,2.206391376411963,4,4.87
5.461186331110884,4.8279791493756345,5.720946976719491,0.7673447716099733,2,4,182.75604175404987,1.3211382065142254,2.093006689099547,2,5.02
7.435084511591924,3.701791065069877,2.8338451228621233,0.9470258228479321,4,1,163.4953060271546,1.6886485732239747,2.5302961679911835,1,4.03
9.004714104192056,7.6600216750799985,3.665756572427177,2.3221716735085174,5,1,140.69415685789937,2.205629814693488,1.0866699914953881,3,5.94
6.14818956083955,6.246918663471083,4.5651599009765995,0.2485148358024234,5,5,126.61442805293704,0.965863000943235,2.0705037398495185,2,8.96
9.257231091142584,5.46815077430393,3.5026177476329057,1.1268698307472866,1,1,222.99867116379318,1.1106480069207922,2.5998210163919735,4,2.27
3.2397970835702172,8.06253467094903,7.214691152039985,1.2338465858827166,3,1,138.6965549435124,3.378284093622674,2.0296471135360483,2,2.92
2.5932351212896907,7.365701070656798,4.981949903276503,1.5428931624696736,4,3,144.87511691728886,1.637243467200444,1.4288301601166489,5,7.23
5.888904602206763,6.1538820538949075,5.4697555720996345,1.0489915767354476,1,4,192.3914523907019,1.4484391910759902,2.5037536974133263,1,3.34
6.768130897878614,5.079543401993659,5.325762537334826,1.1540252697520512,3,3,166.63687445443088,0.6561283944407246,1.675844864928152,3,5.8
5.934610503811814,8.308685992420218,6.34694771497065,0.8041757162891044,4,1,281.38208460323506,2.8506776374742393,1.5878384939685608,5,5.86
1.8651157999202468,7.975301766937991,4.3620431174074135,1.1345634706225536,2,5,9.090657802135638,0.9440741864891566,1.5249321235582465,4,6.05
5.821759920974423,6.851236204330926,1.406336104088307,0.8284038622512948,3,3,173.99259506938105,1.984707339038542,1.9006574435255188,5,6.17
3.3910609989902936,9.7699554940715,4.799375903505283,1.3107859449280255,5,3,93.55153756222649,0.29181493068340947,2.091530110186435,5,8.09
7.339345097660077,5.394872850510771,2.697286212416342,0.815194831978183,1,2,74.63307721960565,2.8181728003641164,1.3654499726484604,4,2.78
6.733196492193697,4.711712243612892,2.9427666365004863,1.1885501969510932,3,1,113.43486351645218,3.1768562436185808,1.468177061635028,5,4.52
4.12024042734529,5.962137895178134,5.172728037510186,0.9853685931575108,3,5,154.37435267854093,2.4845203454780154,1.652758562068891,3,7.11
4.972266165326613,6.931620975466753,6.476566142867272,1.563025125386084,5,3,157.9255260738728,0.4655198685947033,1.5225056760566797,2,7.36
3.881572956222097,7.3650091739840375,4.042543153472123,0.9743031382057569,4,3,28.615502745720548,2.8387621439092308,2.018379113274715,5,6.79
5.874641805453656,6.638145913215505,4.617666025197927,0.11348376589655929,2,5,106.71329362577444,1.1726510003596475,2.18061079820044,3,6.04
7.910284641002477,7.528083094771445,7.404429889270476,1.6309607503569958,5,1,172.49772411811674,0.8290281212783877,2.1119369051332963,2,5.67
4.028547907328912,5.122690863714334,4.4815063589771365,0.5471338495686906,2,2,79.84556393730765,1.6165389542423467,2.112665944373901,2,2.91
7.008093031035688,9.165646906109888,9.203366228360789,0.6731168306755901,4,3,60.817287622678776,1.5966323266535105,2.8354958576443057,5,7.11
4.939484763255118,6.876773232411146,5.1310192912630885,0.702169352978254,3,2,0.0,1.4949513488197104,2.2118417998135778,3,4.19
4.414254335475311,8.675943747382192,0.4784744816883646,1.6872190465854087,2,4,96.9445241299713,3.273674247904694,2.3919821239446235,5,5.26
5.785939280090885,7.5140880195665565,5.506683242209065,0.0,1,1,58.02966408393489,4.011825996442626,1.7926921251115135,4,1.62
3.929515355161252,7.685129828730676,4.7623167697655555,2.568874266829997,1,4,71.28536935119537,0.6308634626505354,2.4720030713307457,2,3.27
4.8927013893056355,7.8546509203483055,6.579505508165491,1.528028404533026,5,4,128.25437573762775,1.3111676056754096,1.7688237381033391,5,9.25
3.604244214822303,7.671562840025972,5.346362702539917,1.1116194570645799,4,4,102.01368987656818,2.142748336044957,2.205724163794295,2,6.56
9.929450265832779,7.964084139801316,3.7230880320324524,0.9725529996918568,5,1,56.70096849125551,1.6112835090627726,1.3143165659088087,3,5.9
6.070527103943458,8.993728795198647,1.5514035274212685,1.1427770374288284,5,1,0.0,2.3993987492785163,2.083117065994061,1,4.29
4.600548984014829,7.294781754552205,3.5819534854279493,1.2605612141896692,5,5,174.1849044118114,2.915985355945795,1.5123098824153312,5,10.0
6.427959821468444,8.063505636382768,2.2989590915813998,1.3226077929750284,1,2,210.22617710467784,2.749365942270041,2.4680178272419537,5,3.0
5.77534390061834,6.86539645856916,2.8389531003905546,1.2778022330017242,1,2,118.26040168045012,2.609733567849832,2.437938230999392,2,1.6
5.558060800933554,9.16017582317421,5.177156808841219,1.0447903406276244,5,5,128.73794428365784,3.659095520919723,1.7666863062204536,3,8.92
7.22833340008685,5.985411546911095,7.3398090087028125,0.901330789846337,1,5,150.22484125488984,0.41105271708389046,3.02478746431227,4,5.57
7.51501542009461,9.701410649366224,4.7893430596459625,0.9243633581732441,4,4,276.30268612898016,3.480108791954615,1.8570608519032625,3,7.36
4.938997704778945,6.939763074033485,1.6082338759296313,0.9025458598236595,5,5,24.583376493938317,1.5870083659102563,1.1939905496637364,5,9.87
4.84836351871064,4.853837346822928,4.889205336440281,1.5668850484335324,1,3,116.84082193019444,2.785125220675627,1.6104410148186599,4,3.63
5.449896605696712,7.192156622366184,6.393262973291302,1.2967783611404309,2,2,12.24216286938244,0.9703337717205565,1.4779294888210746,3,3.37
1.3961576705288303,5.978422513787679,2.780434191361236,0.0,5,5,178.9854766988447,1.0915036081067222,2.189801050893127,1,8.3
2.9696178756028955,8.260965323483086,3.7319656666541645,1.3279503882648804,5,3,138.4833284969591,2.6621172914820272,1.3823184866637739,2,6.82
8.733748534889049,6.021064031046413,4.0293763894583945,1.0973680973593873,4,3,166.2393690348862,0.07126997725015438,1.7303929920968772,3,6.92
9.289935427002568,6.33072485017783,2.43020337383552,0.9906456217770513,3,3,162.2498050072861,2.9894420782883127,2.1572760852683848,3,5.38
5.501927920887243,4.165688903581703,5.2965608676877185,0.8057407734555571,3,3,229.25666029628127,3.259963502341588,2.0693229473559014,1,4.73
7.153113926111533,6.321540521126385,3.758103702784437,1.5620563599930066,4,4,193.05063716547727,2.17778485382896,1.9936780938291103,5,8.27
6.622500309087072,3.364181010056565,4.839064887814056,1.473763231061429,4,3,216.440636612807,2.1417610355785572,2.063000259522034,2,6.37
12.157761616910475,4.624145764771415,2.2250156443958,0.6135611660881954,4,4,64.75722480824447,1.1663638550915478,1.8147499512461729,3,7.65
8.239149822869154,8.140621984216446,3.125083399353179,1.2035261435622675,3,4,245.45366919801154,2.6744494024036682,1.1981239721668349,4,6.93
5.744164817038467,8.178700237976248,5.444762715655543,0.5141716327293571,4,3,92.21098084088004,2.347665246407426,1.8015808896276775,3,6.3
4.088919118799149,7.6381863426774474,3.254333695816466,0.31019091760553474,1,2,96.81043659008154,1.0784946039761771,2.2343748921576427,2,1.7
2.787107359484855,5.549535785306181,7.45392770246681,0.6866413877050175,5,3,171.66740618823957,1.608520049911808,1.9315325056952979,3,7.68
6.406927271734446,6.92843296578703,3.200727628770795,1.4311967361913793,5,3,174.15346104394212,1.8406645753041966,2.1957441865652503,1,6.62
4.487298509431393,6.994596191364147,4.449369451503772,1.4765625226880434,2,3,64.25145582140172,1.607197803480813,1.7066084852452574,3,4.09
3.1554925808046517,5.262452966211185,5.8651816637461796,1.2565427100486466,2,2,136.13765665808825,0.6370885866500251,2.4971680399389644,3,3.44
4.706854231514947,9.255097452650727,1.1632685341339366,1.3625478934239985,5,1,269.0588253495581,2.6990203085838953,0.7218410662643331,4,6.3
3.83690399277121,8.316043435863508,0.47838237603844824,1.2580891435574793,1,1,32.5330750772724,1.7564895440981054,2.0707202564616773,1,0.0
9.37428327014513,6.668553739255504,0.9486873708598105,0.6792592023885239,3,4,268.81753928101807,2.0153647758933095,2.6744401735606393,1,5.54
7.763279513898901,7.040328758491796,6.525168206854364,1.2159612723369704,3,4,130.6641238866808,1.4217334126025734,2.7488492580207313,3,6.25
5.9840547173667655,7.312574211921329,2.8962837082151065,1.4002047626138412,1,2,0.0,2.47527147397199,1.8840869153787623,4,2.32
8.959888277780053,3.937397697363564,9.116398571336504,1.377145664906787,3,5,40.6614613213675,2.1986961843814035,1.336900922178558,3,7.5
6.154736615295237,6.629233926219104,2.871504802685223,1.5944566857373215,4,1,72.92179698118453,3.2127843891304186,2.6832364211716797,3,4.2
4.2774315973434724,5.977023628003302,4.369102606394074,1.354151923600532,5,4,100.08565593738062,2.4805987129389844,1.9740674165972196,2,7.73
9.046248154539315,5.497569985157627,7.084219905135751,1.1757241037707915,5,1,141.62293930997296,1.7973155981628892,1.9205152303650597,2,5.74
7.077820087369317,6.578349560671068,8.012185776318246,1.5350751191582137,1,2,0.0,1.2602831824974396,1.5535726795611347,4,2.84
3.925507691347087,9.696529790274283,8.123007153272795,0.98673937037547,3,2,164.9443513982123,2.865952683916645,1.3750562595708713,5,5.31
5.619322643832784,7.961264291900514,6.416732461186285,0.5590626743861411,2,5,65.59275933400926,1.7174239012135422,2.281931584462177,2,5.39
4.248763493230486,6.143231515325805,6.048125051622925,0.9184665180281181,2,5,261.24180572808467,1.8282824334037793,2.3349357273793303,5,7.09
3.234400538071328,7.858874172034238,5.185053898402366,0.6275486775967755,3,2,128.38586234048205,1.8280283937073254,2.1007720008997106,1,3.44
